SET NAMES utf8mb4;
SET FOREIGN_KEY_CHECKS = 0;

-- ----------------------------
-- Table structure for admin
-- ----------------------------
DROP TABLE IF EXISTS `admin`;
CREATE TABLE `admin`  (
  `admin_account` int NOT NULL COMMENT '管理员账号',
  `admin_password` varchar(255) CHARACTER SET utf8 COLLATE utf8_general_ci NULL DEFAULT NULL COMMENT '管理员密码',
  PRIMARY KEY (`admin_account`) USING BTREE
) ENGINE = InnoDB CHARACTER SET = utf8 COLLATE = utf8_general_ci ROW_FORMAT = Compact;

-- ----------------------------
-- Records of admin
-- ----------------------------
INSERT INTO `admin` VALUES (1001, '123456');
INSERT INTO `admin` VALUES (1002, '123456');
INSERT INTO `admin` VALUES (1003, '123456');

-- ----------------------------
-- Table structure for classtable
-- ----------------------------
DROP TABLE IF EXISTS `class_table`;
CREATE TABLE `class_table`  (
  `class_id` int NOT NULL DEFAULT 0 COMMENT '课程id',
  `class_name` varchar(255) CHARACTER SET utf8 COLLATE utf8_general_ci NULL DEFAULT NULL COMMENT '课程名称',
  `class_begin` varchar(255) CHARACTER SET utf8 COLLATE utf8_general_ci NULL DEFAULT NULL COMMENT '开课时间',
  `class_time` varchar(255) CHARACTER SET utf8 COLLATE utf8_general_ci NULL DEFAULT NULL COMMENT '课程时长',
  `coach` varchar(255) CHARACTER SET utf8 COLLATE utf8_general_ci NULL DEFAULT NULL COMMENT '教练',
  PRIMARY KEY (`class_id`) USING BTREE
) ENGINE = InnoDB CHARACTER SET = utf8 COLLATE = utf8_general_ci ROW_FORMAT = Compact;

-- ----------------------------
-- Records of classtable
-- ----------------------------
INSERT INTO `class_table` VALUES (0001, '增肌', '2021年1月1日 15:00', '60分钟', '增肌教练');
INSERT INTO `class_table` VALUES (0002, '瑜伽', '2021年1月2日 10:20', '90分钟', '瑜伽教练');
INSERT INTO `class_table` VALUES (0003, '减脂', '2021年3月6日 18:00', '90分钟', '减脂教练');
INSERT INTO `class_table` VALUES (0004, '运动康复', '2021年2月2日 10:00', '45分钟', '运动康复教练');
INSERT INTO `class_table` VALUES (0005, '综合格斗', '2021年2月3日 15:00', '60分钟', '综合格斗教练');
INSERT INTO `class_table` VALUES (0006, '塑形', '2021年2月3日 15:00', '60分钟', '塑形教练');
INSERT INTO `class_table` VALUES (0007, '普拉提', '2021年3月1日 17:30', '60分钟', '普拉提教练');
INSERT INTO `class_table` VALUES (0008, '爵士舞', '2021年2月22日 09:00', '90分钟', '爵士舞教练');
INSERT INTO `class_table` VALUES (0009, '杠铃操', '2021年2月4日 15:00', '60分钟', '杠铃操教练');
INSERT INTO `class_table` VALUES (0010, '动感单车', '2021年3月8日 15:00', '45分钟', '动感单车教练');
INSERT INTO `class_table` VALUES (0011, '健美操', '2021年2月22日 18:00', '60分钟', '健美操教练');
INSERT INTO `class_table` VALUES (0012, 'CrossFit', '2021年2月23日 18:00', '60分钟', 'CrossFit教练');
INSERT INTO `class_table` VALUES (0013, 'MMA', '2021年5月1日 20:00', '60分钟', 'MMA教练');
INSERT INTO `class_table` VALUES (0014, 'Boxercise', '2022年3月1日 15:00', '60分钟', 'Boxercise教练');
INSERT INTO `class_table` VALUES (0015, 'Tabata训练', '2022年3月15日 18:00', '45分钟', 'Tabata训练师');
INSERT INTO `class_table` VALUES (0016, 'Boot Camp', '2022年4月5日 10:20', '120分钟', 'Boot Camp负责团队');
INSERT INTO `class_table` VALUES (0017, '核心训练', '2022年5月6日 18:00', '45分钟', '核心训练教练');
INSERT INTO `class_table` VALUES (0018, '水疗康复课程', '2022年9月1日 15:00', '60分钟', '水疗康复教练');
INSERT INTO `class_table` VALUES (0019, 'Zumba', '2022年12月15日 10:00', '90分钟', 'Zumba教练');
INSERT INTO `class_table` VALUES (0020, 'TRX悬挂训练', '2023年1月2日 10:20', '60分钟', 'TRX悬挂训练教练');
INSERT INTO `class_table` VALUES (0021, '太极', '2023年2月25日 15:00', '60分钟', '太极教练');
INSERT INTO `class_table` VALUES (0022, 'Barre', '2023年3月1日 18:00', '60分钟', 'Barre教练');
INSERT INTO `class_table` VALUES (0023, '巴西柔术', '2023年6月1日 10:20', '90分钟', '巴西柔术教练');
INSERT INTO `class_table` VALUES (0024, 'HIIT', '2023年9月10日 10:00', '45分钟', 'HIIT教练');
INSERT INTO `class_table` VALUES (0025, '有氧踏板操', '2023年11月1日 18:00', '60分钟', '有氧踏板操教练');
INSERT INTO `class_table` VALUES (0026, 'Spinning', '2023年11月15日 20:00', '45分钟', 'Spinning教练');
INSERT INTO `class_table` VALUES (0027, 'Piloxing','2023年12月13日 15:00','90分钟','Piloxing教练');
INSERT INTO `class_table` VALUES (0028, '水上瑜伽','2024年1月10日 10:00','60分钟','水上瑜伽教练');




-- ----------------------------
-- Table structure for classorder
-- ----------------------------
DROP TABLE IF EXISTS `class_order`;
CREATE TABLE `class_order`  (
  `class_order_id` int NOT NULL AUTO_INCREMENT COMMENT '报名表id',
  `class_id` int NULL DEFAULT NULL COMMENT '课程id',
  `class_name` varchar(255) CHARACTER SET utf8 COLLATE utf8_general_ci NULL DEFAULT NULL COMMENT '课程名称',
  `coach` varchar(255) CHARACTER SET utf8 COLLATE utf8_general_ci NULL DEFAULT NULL COMMENT '教练',
  `member_name` varchar(255) CHARACTER SET utf8 COLLATE utf8_general_ci NULL DEFAULT NULL COMMENT '会员姓名',
  `member_account` int NULL DEFAULT NULL COMMENT '会员账号',
  `class_begin` varchar(255) CHARACTER SET utf8 COLLATE utf8_general_ci NULL DEFAULT NULL COMMENT '开课时间',
  PRIMARY KEY (`class_order_id`) USING BTREE
) ENGINE = InnoDB AUTO_INCREMENT = 12 CHARACTER SET = utf8 COLLATE = utf8_general_ci ROW_FORMAT = Compact;

-- ----------------------------
-- Records of classorder
-- ----------------------------
INSERT INTO `class_order` VALUES (1, 0002, '瑜伽', '瑜伽教练', '李四', 202100788, '2021年1月2日 10:20');
INSERT INTO `class_order` VALUES (2, 0002, '瑜伽', '瑜伽教练', '王五', 202132539, '2021年1月2日 10:20');
INSERT INTO `class_order` VALUES (3, 0004, '运动康复', '运动康复教练', 'Mike', 202156754, '2021年2月2日 10:00');
INSERT INTO `class_order` VALUES (4, 0001, '增肌', '增肌教练', 'Mike', 202156754, '2021年1月1日 15:00');
INSERT INTO `class_order` VALUES (5, 0001, '增肌', '增肌教练', 'Tylor', 202183406, '2021年1月1日 15:00');
INSERT INTO `class_order` VALUES (6, 0002, '瑜伽', '瑜伽教练', 'Tylor', 202183406, '2021年1月2日 10:20');
INSERT INTO `class_order` VALUES (7, 0001, '增肌', '增肌教练', '李四', 202100788, '2021年1月1日 15:00');
INSERT INTO `class_order` VALUES (8, 0001, '增肌', '增肌教练', '马六', 202186416, '2021年1月1日 15:00');
INSERT INTO `class_order` VALUES (9, 0003, '减脂', '减脂教练', '马六', 202186416, '2021年3月6日 18:00');
INSERT INTO `class_order` VALUES (10, 0003, '减脂', '减脂教练', 'Lily', 202123664, '2021年3月6日 18:00');
INSERT INTO `class_order` VALUES (11, 0003, '减脂', '减脂教练', 'Emma', 202153468, '2021年3月6日 18:00');
INSERT INTO `class_order` VALUES (12, 0005, '综合格斗', '综合格斗教练', 'User1', 202108001, '2021年2月3日 15:00');
INSERT INTO `class_order` VALUES (13, 0012, 'CrossFit', 'CrossFit教练', 'User2', 202132002, '2021年02月23日 18:00');
INSERT INTO `class_order` VALUES (14, 0018, '水疗康复课程', '水疗康复教练', 'User3', 202157003, '2022年09月11日 15:00');
INSERT INTO `class_order` VALUES (15, 0022, 'Barre', 'Barre教练', 'User4', 202184004, '2023年3月1日 15:00');
INSERT INTO `class_order` VALUES (16, 0010, '动感单车', '动感单车教练', 'User5', 202110005, '2021年3月8日 15:00');
INSERT INTO `class_order` VALUES (17, 0011, '健美操', '健美操教练', 'User6', 202136006, '2021年2月22日 18:00');
INSERT INTO `class_order` VALUES (18, 0020, 'TRX悬挂训练', 'TRX悬挂训练教练', 'User7', 202163007, '2023年1月2日 10:20');
INSERT INTO `class_order` VALUES (19, 0023, '巴西柔术', '巴西柔术教练', 'User8', 202190008, '2023年6月1日 10:20');
INSERT INTO `class_order` VALUES (20, 0016, 'Boot Camp', 'Boot Camp负责团队', 'User9', 202117009, '2022年4月5日 10:20');
INSERT INTO `class_order` VALUES (21, 0017, '核心训练', '核心训练教练', 'User10', 202144010, '2022年5月6日 18:00');
INSERT INTO `class_order` VALUES (22, 0021, '太极', '太极教练', 'User11', 202171011, '2023年2月25日 15:00');
INSERT INTO `class_order` VALUES (23, 0024, 'HIIT', 'HIIT教练', 'User12', 202198012, '2023年9月10日 10:00');
INSERT INTO `class_order` VALUES (24, 0025, '有氧踏板操', '有氧踏板操教练', 'User13', 202225013, '2023年11月1日 18:00');
INSERT INTO `class_order` VALUES (25, 0026, 'Spinning', 'Spinning教练', 'User14', 202252014, '2023年11月15日 20:00');
INSERT INTO `class_order` VALUES (26, 0027, 'Piloxing', 'Piloxing教练', 'User15', 202279015, '2023年12月13日 15:00');
INSERT INTO `class_order` VALUES (27, 0028, '水上瑜伽', '水上瑜伽教练', 'User16', 202226016, '2024年01月10日 10:00');
INSERT INTO `class_order` VALUES (28, 0009, '杠铃操', '杠铃操教练', 'User17', 202233017, '2021年2月4日 15:00');
INSERT INTO `class_order` VALUES (29, 0013, 'MMA', 'MMA教练', 'User18', 202260018, '2021年5月1日 20:00');
INSERT INTO `class_order` VALUES (30, 0014, 'Boxercise', 'Boxercise教练', 'User19', 202287019, '2022年3月1日 17:00');
INSERT INTO `class_order` VALUES (31, 0015, 'Tabata训练', 'Tabata训练师', 'User20', 202214020, '2022年3月15日 18:00');
INSERT INTO `class_order` VALUES (32, 0029, '瑜伽', '瑜伽教练', 'User21', 202241021, '2021年1月2日 10:20');
INSERT INTO `class_order` VALUES (33, 0007, '普拉提', '普拉提教练', 'User22', 202268022, '2021年3月10日 15:30');
INSERT INTO `class_order` VALUES (34, 0022, 'Barre', 'Barre教练', 'User23', 202295023, '2023年3月1日 18:00');
INSERT INTO `class_order` VALUES (35, 0023, '巴西柔术', '巴西柔术教练', 'User24', 202222024, '2023年6月1日 10:20');
INSERT INTO `class_order` VALUES (36, 0011, '健美操', '健美操教练', 'User25', 202349025, '2021年2月2日 18:00');
INSERT INTO `class_order` VALUES (37, 0012, 'CrossFit', 'CrossFit教练', 'User26', 202376026, '2021年2月23日 18:00');
INSERT INTO `class_order` VALUES (38, 0018, '水疗康复课程', '水疗康复教练', 'User27', 202303027, '2022年9月1日 15：00');
INSERT INTO `class_order` VALUES (39, 0016, 'Boot Camp', 'Boot Camp负责团队', 'User28', 202330028, '2022年4月5日 10:20');
INSERT INTO `class_order` VALUES (40, 0005, '综合格斗', '综合格斗教练', 'User29', 202357029, '2021年2月3日 15:00');
INSERT INTO `class_order` VALUES (41, 0020, 'TRX悬挂训练', 'TRX悬挂训练教练', 'User30', 202384030, '2023年1月2日 10:20');
INSERT INTO `class_order` VALUES (42, 0009, '杠铃操', '杠铃操教练', 'User31', 202311031, '2021年2月4日 15:00');
INSERT INTO `class_order` VALUES (43, 0021, '太极', '太极教练', 'User32', 202338032, '2023年2月25日 15:00');
INSERT INTO `class_order` VALUES (44, 0010, '动感单车', '动感单车教练', 'User33', 202365033, '2021年3月8日 15:00');
INSERT INTO `class_order` VALUES (45, 0017, '核心训练', '核心训练教练', 'User34', 202392034, '2022年5月6日 18:00');
INSERT INTO `class_order` VALUES (46, 0024, 'HIIT', 'HIIT教练', 'User35', 202319035, '2023年9月10日 10:00');
INSERT INTO `class_order` VALUES (47, 0025, '有氧踏板操', '有氧踏板操教练', 'User36', 202346036, '2023年11月1日 18:00');
INSERT INTO `class_order` VALUES (48, 0026, 'Spinning', 'Spinning教练', 'User37', 202473037, '2023年11月5日 20:00');
INSERT INTO `class_order` VALUES (49, 0027, 'Piloxing', 'Piloxing教练', 'User38', 202400038, '2023年12月13日 15:00');
INSERT INTO `class_order` VALUES (50, 0028, '水上瑜伽', '水上瑜伽教练', 'User39', 202427039, '2024年1月10日 10:00');
INSERT INTO `class_order` VALUES (51, 0007, '普拉提', '普拉提教练', 'User40', 202454040, '2021年3月1日 17:30');
INSERT INTO `class_order` VALUES (52, 0001, '增肌', '增肌教练', '张三', 202009867, '2021年1月1日 15:00'),
                                 (53, 0002, '瑜伽', '瑜伽教练', '李四', 202100788, '2021年1月2日 10:20'),
                                 (54, 0003, '减脂', '减脂教练', '王五', 202132539, '2021年3月6日 18:00'),
                                 (55, 0004, '运动康复', '运动康复教练', '马六', 202186416, '2021年2月2日 10:00'),
                                 (56, 0005, '综合格斗', '综合格斗教练', 'Tom', 202106725, '2021年2月3日 15:00'),
                                 (57, 0006, '塑形', '塑形教练', 'Tylor', 202183406, '2021年2月3日 15:00'),
                                 (58, 0007, '普拉提', '普拉提教练', 'Jack', 202176587, '2021年3月1日 17:30'),
                                 (59, 0008, '爵士舞', '爵士舞教练', 'Mike', 202156754, '2021年2月22日 09:00'),
                                 (60, 0009, '杠铃操', '杠铃操教练', 'Emma', 202153468, '2021年2月4日 15:00'),
                                 (61, 0010, '动感单车', '动感单车教练', 'Ava', 202121345, '2021年3月8日 15:00'),
                                 (62, 0011, '健美操', '健美操教练', 'Chloe', 202189776, '2021年2月22日 18:00'),
                                 (63, 0012, 'CrossFit', 'CrossFit教练', 'Lily', 202123664, '2021年2月23日 18:00'),
                                 (64, 0013, 'MMA', 'MMA教练', 'User1', 202108001, '2021年5月1日 20:00'),
                                 (65, 0014, 'Boxercise', 'Boxercise教练', 'User2', 202132002, '2022年3月1日 15:00'),
                                 (66, 0015, 'Tabata训练', 'Tabata训练师', 'User3', 202157003, '2022年3月15日 18:00'),
                                 (67, 0016, 'Boot Camp', 'Boot Camp负责团队', 'User4', 202184004, '2022年4月5日 10:20'),
                                 (68, 0017, '核心训练', '核心训练教练', 'User5', 202110005, '2022年5月6日 18:00'),
                                 (69, 0018, '水疗康复课程', '水疗康复教练', 'User6', 202136006, '2022年9月1日 15:00'),
                                 (70, 0019, 'Zumba', 'Zumba教练', 'User7', 202163007, '2022年12月15日 10:00'),
                                 (71, 0020, 'TRX悬挂训练', 'TRX悬挂训练教练', 'User8', 202190008, '2023年1月2日 10:20'),
                                 (72, 0021, '太极', '太极教练', 'User9', 202117009, '2023年2月25日 15:00'),
                                 (73, 0022, 'Barre', 'Barre教练', 'User10', 202144010, '2023年3月1日 18:00'),
                                 (74, 0023, '巴西柔术', '巴西柔术教练', 'User11', 202171011, '2023年6月1日 10:20'),
                                 (75, 0024, 'HIIT', 'HIIT教练', 'User12', 202198012, '2023年9月10日 10:00'),
                                 (76, 0025, '有氧踏板操', '有氧踏板操教练', 'User13', 202225013, '2023年11月1日 18:00'),
                                 (77, 0026, 'Spinning', 'Spinning教练', 'User14', 202252014, '2023年11月15日 20:00'),
                                 (78, 0027, 'Piloxing', 'Piloxing教练', 'User15', 202279015, '2023年12月13日 15:00'),
                                 (79, 0028, '水上瑜伽', '水上瑜伽教练', 'User16', 202226016, '2024年1月10日 10:00'),
                                 (80, 0001, '增肌', '增肌教练', 'User17', 202233017, '2021年1月1日 15:00'),
                                 (81, 0002, '瑜伽', '瑜伽教练', 'User18', 202260018, '2021年1月2日 10:20'),
                                 (82, 0003, '减脂', '减脂教练', 'User19', 202287019, '2021年3月6日 18:00'),
                                 (83, 0004, '运动康复', '运动康复教练', 'User20', 202214020, '2021年2月2日 10:00'),
                                 (84, 0005, '综合格斗', '综合格斗教练', 'User21', 202241021, '2021年2月3日 15:00'),
                                 (85, 0006, '塑形', '塑形教练', 'User22', 202268022, '2021年2月3日 15:00'),
                                 (86, 0007, '普拉提', '普拉提教练', 'User23', 202295023, '2021年3月1日 17:30'),
                                 (87, 0008, '爵士舞', '爵士舞教练', 'User24', 202222024, '2021年2月22日 09:00'),
                                 (88, 0009, '杠铃操', '杠铃操教练', 'User25', 202349025, '2021年2月4日 15:00'),
                                 (89, 0010, '动感单车', '动感单车教练', 'User26', 202376026, '2021年3月8日 15:00'),
                                 (90, 0011, '健美操', '健美操教练', 'User27', 202303027, '2021年2月22日 18:00'),
                                 (91, 0012, 'CrossFit', 'CrossFit教练', 'User28', 202330028, '2021年2月23日 18:00'),
                                 (92, 0013, 'MMA', 'MMA教练', 'User29', 202357029, '2021年5月1日 20:00'),
                                 (93, 0014, 'Boxercise', 'Boxercise教练', 'User30', 202384030, '2022年3月1日 15:00'),
                                 (94, 0015, 'Tabata训练', 'Tabata训练师', 'User31', 202311031, '2022年3月15日 18:00'),
                                 (95, 0016, 'Boot Camp', 'Boot Camp负责团队', 'User32', 202338032, '2022年4月5日 10:20'),
                                 (96, 0017, '核心训练', '核心训练教练', 'User33', 202365033, '2022年5月6日 18:00'),
                                 (97, 0018, '水疗康复课程', '水疗康复教练', 'User34', 202392034, '2022年9月1日 15:00'),
                                 (98, 0019, 'Zumba', 'Zumba教练', 'User35', 202319035, '2022年12月15日 10:00'),
                                 (99, 0020, 'TRX悬挂训练', 'TRX悬挂训练教练', 'User36', 202346036, '2023年1月2日 10:20'),
                                 (100, 0021, '太极', '太极教练', 'User37', 202473037, '2023年2月25日 15:00'),
                                 (101, 0022, 'Barre', 'Barre教练', 'User38', 202400038, '2023年3月1日 18:00'),
                                 (102, 0023, '巴西柔术', '巴西柔术教练', 'User39', 202427039, '2023年6月1日 10:20'),
                                 (103, 0024, 'HIIT', 'HIIT教练', 'User40', 202454040, '2023年9月10日 10:00'),
                                 (104, 0025, '有氧踏板操', '有氧踏板操教练', 'User1', 202108001, '2023年11月1日 18:00'),
                                 (105, 0026, 'Spinning', 'Spinning教练', 'User2', 202132002, '2023年11月15日 20:00'),
                                 (106, 0027, 'Piloxing', 'Piloxing教练', 'User3', 202157003, '2023年12月13日 15:00'),
                                 (107, 0028, '水上瑜伽', '水上瑜伽教练', 'User4', 202184004, '2024年1月10日 10:00'),
                                 (108, 0001, '增肌', '增肌教练', 'User5', 202110005, '2021年1月1日 15:00'),
                                 (109, 0002, '瑜伽', '瑜伽教练', 'User6', 202136006, '2021年1月2日 10:20'),
                                 (110, 0003, '减脂', '减脂教练', 'User7', 202163007, '2021年3月6日 18:00'),
                                 (111, 0004, '运动康复', '运动康复教练', 'User8', 202190008, '2021年2月2日 10:00'),
                                 (112, 0005, '综合格斗', '综合格斗教练', 'User9', 202117009, '2021年2月3日 15:00'),
                                 (113, 0006, '塑形', '塑形教练', 'User10', 202144010, '2021年2月3日 15:00'),
                                 (114, 0007, '普拉提', '普拉提教练', 'User11', 202171011, '2021年3月1日 17:30'),
                                 (115, 0008, '爵士舞', '爵士舞教练', 'User12', 202198012, '2021年2月22日 09:00'),
                                 (116, 0009, '杠铃操', '杠铃操教练', 'User13', 202225013, '2021年2月4日 15:00'),
                                 (117, 0010, '动感单车', '动感单车教练', 'User14', 202252014, '2021年3月8日 15:00'),
                                 (118, 0011, '健美操', '健美操教练', 'User15', 202279015, '2021年2月22日 18:00'),
                                 (119, 0012, 'CrossFit', 'CrossFit教练', 'User16', 202226016, '2021年2月23日 18:00'),
                                 (120, 0013, 'MMA', 'MMA教练', 'User17', 202233017, '2021年5月1日 20:00'),
                                 (121, 0014, 'Boxercise', 'Boxercise教练', 'User18', 202260018, '2022年3月1日 15:00'),
                                 (122, 0015, 'Tabata训练', 'Tabata训练师', 'User19', 202287019, '2022年3月15日 18:00'),
                                 (123, 0016, 'Boot Camp', 'Boot Camp负责团队', 'User20', 202214020, '2022年4月5日 10:20'),
                                 (124, 0017, '核心训练', '核心训练教练', 'User21', 202241021, '2022年5月6日 18:00'),
                                 (125, 0018, '水疗康复课程', '水疗康复教练', 'User22', 202268022, '2022年9月1日 15:00'),
                                 (126, 0019, 'Zumba', 'Zumba教练', 'User23', 202295023, '2022年12月15日 10:00'),
                                 (127, 0020, 'TRX悬挂训练', 'TRX悬挂训练教练', 'User24', 202222024, '2023年1月2日 10:20'),
                                 (128, 0021, '太极', '太极教练', 'User25', 202349025, '2023年2月25日 15:00'),
                                 (129, 0022, 'Barre', 'Barre教练', 'User26', 202376026, '2023年3月1日 18:00'),
                                 (130, 0023, '巴西柔术', '巴西柔术教练', 'User27', 202303027, '2023年6月1日 10:20'),
                                 (131, 0024, 'HIIT', 'HIIT教练', 'User28', 202330028, '2023年9月10日 10:00'),
                                 (132, 0025, '有氧踏板操', '有氧踏板操教练', 'User29', 202357029, '2023年11月1日 18:00'),
                                 (133, 0026, 'Spinning', 'Spinning教练', 'User30', 202384030, '2023年11月15日 20:00'),
                                 (134, 0027, 'Piloxing', 'Piloxing教练', 'User31', 202311031, '2023年12月13日 15:00'),
                                 (135, 0028, '水上瑜伽', '水上瑜伽教练', 'User32', 202338032, '2024年1月10日 10:00'),
                                 (136, 0001, '增肌', '增肌教练', 'User33', 202365033, '2021年1月1日 15:00'),
                                 (137, 0002, '瑜伽', '瑜伽教练', 'User34', 202392034, '2021年1月2日 10:20'),
                                 (138, 0003, '减脂', '减脂教练', 'User35', 202319035, '2021年3月6日 18:00'),
                                 (139, 0004, '运动康复', '运动康复教练', 'User36', 202346036, '2021年2月2日 10:00'),
                                 (140, 0005, '综合格斗', '综合格斗教练', 'User37', 202473037, '2021年2月3日 15:00'),
                                 (141, 0006, '塑形', '塑形教练', 'User38', 202400038, '2021年2月3日 15:00'),
                                 (142, 0007, '普拉提', '普拉提教练', 'User39', 202427039, '2021年3月1日 17:30'),
                                 (143, 0008, '爵士舞', '爵士舞教练', 'User40', 202454040, '2021年2月22日 09:00'),
                                 (144, 0009, '杠铃操', '杠铃操教练', 'User1', 202108001, '2021年2月4日 15:00'),
                                 (145, 0010, '动感单车', '动感单车教练', 'User2', 202132002, '2021年3月8日 15:00'),
                                 (146, 0011, '健美操', '健美操教练', 'User3', 202157003, '2021年2月22日 18:00'),
                                 (147, 0012, 'CrossFit', 'CrossFit教练', 'User4', 202184004, '2021年2月23日 18:00'),
                                 (148, 0013, 'MMA', 'MMA教练', 'User5', 202110005, '2021年5月1日 20:00'),
                                 (149, 0014, 'Boxercise', 'Boxercise教练', 'User6', 202136006, '2022年3月1日 15:00'),
                                 (150, 0015, 'Tabata训练', 'Tabata训练师', 'User7', 202163007, '2022年3月15日 18:00'),
                                 (151, 0016, 'Boot Camp', 'Boot Camp负责团队', 'User8', 202190008, '2022年4月5日 10:20'),
                                 (152, 0017, '核心训练', '核心训练教练', 'User9', 202117009, '2022年5月6日 18:00'),
                                 (153, 0018, '水疗康复课程', '水疗康复教练', 'User10', 202144010, '2022年9月1日 15:00'),
                                 (154, 0019, 'Zumba', 'Zumba教练', 'User11', 202171011, '2022年12月15日 10:00'),
                                 (155, 0020, 'TRX悬挂训练', 'TRX悬挂训练教练', 'User12', 202198012, '2023年1月2日 10:20'),
                                 (156, 0021, '太极', '太极教练', 'User13', 202225013, '2023年2月25日 15:00'),
                                 (157, 0022, 'Barre', 'Barre教练', 'User14', 202252014, '2023年3月1日 18:00'),
                                 (158, 0023, '巴西柔术', '巴西柔术教练', 'User15', 202279015, '2023年6月1日 10:20'),
                                 (159, 0024, 'HIIT', 'HIIT教练', 'User16', 202226016, '2023年9月10日 10:00'),
                                 (160, 0025, '有氧踏板操', '有氧踏板操教练', 'User17', 202233017, '2023年11月1日 18:00'),
                                 (161, 0026, 'Spinning', 'Spinning教练', 'User18', 202260018, '2023年11月15日 20:00'),
                                 (162, 0027, 'Piloxing', 'Piloxing教练', 'User19', 202287019, '2023年12月13日 15:00'),
                                 (163, 0028, '水上瑜伽', '水上瑜伽教练', 'User20', 202214020, '2024年1月10日 10:00'),
                                 (164, 0001, '增肌', '增肌教练', 'User21', 202241021, '2021年1月1日 15:00'),
                                 (165, 0002, '瑜伽', '瑜伽教练', 'User22', 202268022, '2021年1月2日 10:20'),
                                 (166, 0003, '减脂', '减脂教练', 'User23', 202295023, '2021年3月6日 18:00'),
                                 (167, 0004, '运动康复', '运动康复教练', 'User24', 202222024, '2021年2月2日 10:00'),
                                 (168, 0005, '综合格斗', '综合格斗教练', 'User25', 202349025, '2021年2月3日 15:00'),
                                 (169, 0006, '塑形', '塑形教练', 'User26', 202376026, '2021年2月3日 15:00'),
                                 (170, 0007, '普拉提', '普拉提教练', 'User27', 202303027, '2021年3月1日 17:30'),
                                 (171, 0008, '爵士舞', '爵士舞教练', 'User28', 202330028, '2021年2月22日 09:00'),
                                 (172, 0009, '杠铃操', '杠铃操教练', 'User29', 202357029, '2021年2月4日 15:00'),
                                 (173, 0010, '动感单车', '动感单车教练', 'User30', 202384030, '2021年3月8日 15:00'),
                                 (174, 0011, '健美操', '健美操教练', 'User31', 202311031, '2021年2月22日 18:00'),
                                 (175, 0012, 'CrossFit', 'CrossFit教练', 'User32', 202338032, '2021年2月23日 18:00'),
                                 (176, 0013, 'MMA', 'MMA教练', 'User33', 202365033, '2021年5月1日 20:00'),
                                 (177, 0014, 'Boxercise', 'Boxercise教练', 'User34', 202392034, '2022年3月1日 15:00'),
                                 (178, 0015, 'Tabata训练', 'Tabata训练师', 'User35', 202319035, '2022年3月15日 18:00'),
                                 (179, 0016, 'Boot Camp', 'Boot Camp负责团队', 'User36', 202346036, '2022年4月5日 10:20'),
                                 (180, 0017, '核心训练', '核心训练教练', 'User37', 202473037, '2022年5月6日 18:00'),
                                 (181, 0018, '水疗康复课程', '水疗康复教练', 'User38', 202400038, '2022年9月1日 15:00'),
                                 (182, 0019, 'Zumba', 'Zumba教练', 'User39', 202427039, '2022年12月15日 10:00'),
                                 (183, 0020, 'TRX悬挂训练', 'TRX悬挂训练教练', 'User40', 202454040, '2023年1月2日 10:20'),
                                 (184, 0021, '太极', '太极教练', 'User1', 202108001, '2023年2月25日 15:00'),
                                 (185, 0022, 'Barre', 'Barre教练', 'User2', 202132002, '2023年3月1日 18:00'),
                                 (186, 0023, '巴西柔术', '巴西柔术教练', 'User3', 202157003, '2023年6月1日 10:20'),
                                 (187, 0024, 'HIIT', 'HIIT教练', 'User4', 202184004, '2023年9月10日 10:00'),
                                 (188, 0025, '有氧踏板操', '有氧踏板操教练', 'User5', 202110005, '2023年11月1日 18:00'),
                                 (189, 0026, 'Spinning', 'Spinning教练', 'User6', 202136006, '2023年11月15日 20:00'),
                                 (190, 0027, 'Piloxing', 'Piloxing教练', 'User7', 202163007, '2023年12月13日 15:00'),
                                 (191, 0028, '水上瑜伽', '水上瑜伽教练', 'User8', 202190008, '2024年1月10日 10:00'),
                                 (192, 0001, '增肌', '增肌教练', 'User9', 202117009, '2021年1月1日 15:00'),
                                 (193, 0002, '瑜伽', '瑜伽教练', 'User10', 202144010, '2021年1月2日 10:20'),
                                 (194, 0003, '减脂', '减脂教练', 'User11', 202171011, '2021年3月6日 18:00'),
                                 (195, 0004, '运动康复', '运动康复教练', 'User12', 202198012, '2021年2月2日 10:00'),
                                 (196, 0005, '综合格斗', '综合格斗教练', 'User13', 202225013, '2021年2月3日 15:00'),
                                 (197, 0006, '塑形', '塑形教练', 'User14', 202252014, '2021年2月3日 15:00'),
                                 (198, 0007, '普拉提', '普拉提教练', 'User15', 202279015, '2021年3月1日 17:30'),
                                 (199, 0008, '爵士舞', '爵士舞教练', 'User16', 202226016, '2021年2月22日 09:00'),
                                 (200, 0009, '杠铃操', '杠铃操教练', 'User17', 202233017, '2021年2月4日 15:00'),
                                 (201, 0010, '动感单车', '动感单车教练', 'User18', 202260018, '2021年3月8日 15:00'),
                                 (202, 0011, '健美操', '健美操教练', 'User19', 202287019, '2021年2月22日 18:00'),
                                 (203, 0012, 'CrossFit', 'CrossFit教练', 'User20', 202214020, '2021年2月23日 18:00'),
                                 (204, 0013, 'MMA', 'MMA教练', 'User21', 202241021, '2021年5月1日 20:00'),
                                 (205, 0014, 'Boxercise', 'Boxercise教练', 'User22', 202268022, '2022年3月1日 15:00'),
                                 (206, 0015, 'Tabata训练', 'Tabata训练师', 'User23', 202295023, '2022年3月15日 18:00'),
                                 (207, 0016, 'Boot Camp', 'Boot Camp负责团队', 'User24', 202222024, '2022年4月5日 10:20'),
                                 (208, 0017, '核心训练', '核心训练教练', 'User25', 202349025, '2022年5月6日 18:00'),
                                 (209, 0018, '水疗康复课程', '水疗康复教练', 'User26', 202376026, '2022年9月1日 15:00'),
                                 (210, 0019, 'Zumba', 'Zumba教练', 'User27', 202303027, '2022年12月15日 10:00'),
                                 (211, 0020, 'TRX悬挂训练', 'TRX悬挂训练教练', 'User28', 202330028, '2023年1月2日 10:20'),
                                 (212, 0021, '太极', '太极教练', 'User29', 202357029, '2023年2月25日 15:00'),
                                 (213, 0022, 'Barre', 'Barre教练', 'User30', 202384030, '2023年3月1日 18:00');





-- ----------------------------
-- Table structure for member
-- ----------------------------
DROP TABLE IF EXISTS `member`;
CREATE TABLE `member`  (
  `member_account` int NOT NULL COMMENT '会员账号',
  `member_password` varchar(255) CHARACTER SET utf8 COLLATE utf8_general_ci NULL DEFAULT '123456' COMMENT '会员密码',
  `member_name` varchar(255) CHARACTER SET utf8 COLLATE utf8_general_ci NULL DEFAULT NULL COMMENT '会员姓名',
  `member_gender` varchar(255) CHARACTER SET utf8 COLLATE utf8_general_ci NULL DEFAULT '' COMMENT '会员性别',
  `member_age` int NULL DEFAULT NULL COMMENT '会员年龄',
  `member_height` int NULL DEFAULT NULL COMMENT '会员身高',
  `member_weight` int NULL DEFAULT NULL COMMENT '会员体重',
  `member_phone` bigint NULL DEFAULT NULL COMMENT '会员电话',
  `card_time` date NULL DEFAULT NULL COMMENT '办卡时间',
  `card_class` int NULL DEFAULT NULL COMMENT '购买课时',
  `card_next_class` int NULL DEFAULT NULL COMMENT '剩余课时',
  PRIMARY KEY (`member_account`) USING BTREE
) ENGINE = InnoDB CHARACTER SET = utf8 COLLATE = utf8_general_ci ROW_FORMAT = Compact;

-- ----------------------------
-- Records of member
-- ----------------------------
INSERT INTO `member` VALUES (202009867, '123456', '张三', '女', 24, 182, 60, 13515548482, '2020-06-05', 40, 40);
INSERT INTO `member` VALUES (202100788, '123456', '李四', '男', 31, 178, 60, 13131554873, '2021-01-01', 50, 50);
INSERT INTO `member` VALUES (202132539, '123456', '王五', '男', 31, 178, 60, 13154875489, '2021-01-01', 40, 40);
INSERT INTO `member` VALUES (202186416, '123456', '马六', '女', 23, 160, 45, 13124576857, '2021-01-16', 30, 30);
INSERT INTO `member` VALUES (202106725, '123456', 'Tom', '男', 24, 178, 88, 13758784959, '2021-02-26', 30, 30);
INSERT INTO `member` VALUES (202183406, '123456', 'Tylor', '女', 19, 170, 60, 13786457488,'2021-02-27', 30, 30);
INSERT INTO `member` VALUES (202176587, '123456', 'Jack', '男', 33, 177, 90, 13767546666, '2021-02-27', 30, 30);
INSERT INTO `member` VALUES (202156754, '123456', 'Mike', '男', 36, 166, 67, 13786532448, '2021-02-28', 30, 30);
INSERT INTO `member` VALUES (202153468, '123456', 'Emma', '女', 25, 173, 44, 13786457124,  '2021-03-01', 50, 50);
INSERT INTO `member` VALUES (202121345, '123456', 'Ava', '女', 28, 160, 40, 13754457488, '2021-03-02', 30, 30);
INSERT INTO `member` VALUES (202189776, '123456', 'Chloe', '女', 27, 170, 50, 13986337489,  '2021-03-23', 30, 30);
INSERT INTO `member` VALUES (202123664, '123456', 'Lily', '女', 25, 165, 51, 15986457423,  '2021-03-27', 30, 30);
INSERT INTO `member` VALUES (202108001, '123456', 'User1', '男', 25, 175, 70, 13512345678, '2021-01-01', 30, 30),
                            (202132002, '123456', 'User2', '女', 28, 165, 55, 13623456789, '2021-02-01', 40, 40),
                            (202157003, '123456', 'User3', '男', 30, 180, 80, 13734567890, '2021-03-01', 50, 50),
                            (202184004, '123456', 'User4', '女', 23, 160, 45, 13845678901, '2021-04-01', 60, 60),
                            (202110005, '123456', 'User5', '男', 27, 170, 75, 13956789012, '2021-05-01', 70, 70),
                            (202136006, '123456', 'User6', '女', 29, 160, 50, 13067890123, '2021-06-01', 80, 80),
                            (202163007, '123456', 'User7', '男', 31, 185, 85, 13178901234, '2021-07-01', 90, 90),
                            (202190008, '123456', 'User8', '女', 24, 170, 60, 13289012345, '2021-08-01', 100, 100),
                            (202117009, '123456', 'User9', '男', 26, 178, 78, 13390123456, '2021-09-01', 110, 110),
                            (202144010, '123456', 'User10', '女', 30, 165, 55, 13401234567, '2021-10-01', 120, 120),
                            (202171011, '123456', 'User11', '男', 29, 182, 80, 13512345678, '2021-11-01', 130, 130),
                            (202198012, '123456', 'User12', '女', 27, 168, 52, 13623456789, '2021-12-01', 140, 140),
                            (202225013, '123456', 'User13', '男', 31, 175, 70, 13734567890, '2022-01-01', 150, 150),
                            (202252014, '123456', 'User14', '女', 25, 160, 45, 13845678901, '2022-02-01', 160, 160),
                            (202279015, '123456', 'User15', '男', 28, 178, 78, 13956789012, '2022-03-01', 170, 170),
                            (202226016, '123456', 'User16', '女', 30, 165, 55, 13067890123, '2022-04-01', 180, 180),
                            (202233017, '123456', 'User17', '男', 22, 185, 85, 13178901234, '2022-05-01', 190, 190),
                            (202260018, '123456', 'User18', '女', 26, 170, 60, 13289012345, '2022-06-01', 200, 200),
                            (202287019, '123456', 'User19', '男', 29, 182, 80, 13390123456, '2022-07-01', 210, 210),
                            (202214020, '123456', 'User20', '女', 24, 168, 52, 13401234567, '2022-08-01', 220, 220),
                            (202241021, '123456', 'User21', '男', 26, 175, 70, 13512345678, '2022-09-01', 230, 230),
                            (202268022, '123456', 'User22', '女', 28, 165, 55, 13623456789, '2022-10-01', 240, 240),
                            (202295023, '123456', 'User23', '男', 30, 180, 80, 13734567890, '2022-11-01', 250, 250),
                            (202222024, '123456', 'User24', '女', 23, 160, 45, 13845678901, '2022-12-01', 260, 260),
                            (202349025, '123456', 'User25', '男', 27, 170, 75, 13956789012, '2023-01-01', 270, 270),
                            (202376026, '123456', 'User26', '女', 29, 160, 50, 13067890123, '2023-02-01', 280, 280),
                            (202303027, '123456', 'User27', '男', 31, 185, 85, 13178901234, '2023-03-01', 290, 290),
                            (202330028, '123456', 'User28', '女', 24, 170, 60, 13289012345, '2023-04-01', 300, 300),
                            (202357029, '123456', 'User29', '男', 26, 178, 78, 13390123456, '2023-05-01', 310, 310),
                            (202384030, '123456', 'User30', '女', 30, 165, 55, 13401234567, '2023-06-01', 320, 320),
                            (202311031, '123456', 'User31', '男', 29, 182, 80, 13512345678, '2023-07-01', 330, 330),
                            (202338032, '123456', 'User32', '女', 27, 168, 52, 13623456789, '2023-08-01', 340, 340),
                            (202365033, '123456', 'User33', '男', 31, 175, 70, 13734567890, '2023-09-01', 350, 350),
                            (202392034, '123456', 'User34', '女', 25, 160, 45, 13845678901, '2023-10-01', 360, 360),
                            (202319035, '123456', 'User35', '男', 28, 178, 78, 13956789012, '2023-11-01', 370, 370),
                            (202346036, '123456', 'User36', '女', 30, 165, 55, 13067890123, '2023-12-01', 380, 380),
                            (202473037, '123456', 'User37', '男', 22, 185, 85, 13178901234, '2024-01-01', 390, 390),
                            (202400038, '123456', 'User38', '女', 26, 170, 60, 13289012345, '2024-01-12', 400, 400),
                            (202427039, '123456', 'User39', '男', 29, 182, 80, 13390123456, '2024-01-12', 410, 410),
                            (202454040, '123456', 'User40', '女', 24, 168, 52, 13401234567, '2024-01-12', 420, 420);




-- ----------------------------
-- Table structure for employee
-- ----------------------------
DROP TABLE IF EXISTS `employee`;
CREATE TABLE `employee`  (
  `employee_account` int NOT NULL COMMENT '员工账号',
  `employee_name` varchar(255) CHARACTER SET utf8 COLLATE utf8_general_ci NULL DEFAULT NULL COMMENT '员工姓名',
  `employee_gender` varchar(255) CHARACTER SET utf8 COLLATE utf8_general_ci NULL DEFAULT NULL COMMENT '员工性别',
  `employee_age` int NULL DEFAULT NULL COMMENT '员工年龄',
  `entry_time` date NULL DEFAULT NULL COMMENT '入职时间',
  `staff` varchar(255) CHARACTER SET utf8 COLLATE utf8_general_ci NULL DEFAULT NULL COMMENT '职务',
  `employee_message` varchar(255) CHARACTER SET utf8 COLLATE utf8_general_ci NULL DEFAULT NULL COMMENT '备注信息',
  PRIMARY KEY (`employee_account`) USING BTREE
) ENGINE = InnoDB CHARACTER SET = utf8 COLLATE = utf8_general_ci ROW_FORMAT = Compact;

-- ----------------------------
-- Records of employee
-- ----------------------------
INSERT INTO `employee` VALUES (101038721,  '教练1', '女', 26, '2016-06-29', '健身教练', '健美冠军');
INSERT INTO `employee` VALUES (101068283,  '教练2', '男', 34, '2020-01-06', '健身教练', '职业教练');
INSERT INTO `employee` VALUES (101053687,  '教练3', '男', 30, '2020-06-06', '健身教练', '职业教练');
INSERT INTO `employee` VALUES (101045354,  '教练4', '男', 24, '2021-01-07', '健身教练', '职业教练');
INSERT INTO `employee` VALUES (101058973,  '保洁1', '女', 48, '2019-08-24', '保洁员', '模范员工');
INSERT INTO `employee` VALUES (101034208,  '保洁2', '女', 48, '2010-08-01', '保洁员', '');
INSERT INTO `employee` VALUES (101076895, '教练5', '女', 28, '2021-03-15', '健身教练', '专业健身运动员'),
                              (101083469, '前台1', '女', 25, '2021-05-20', '前台接待', '优秀服务员'),
                              (101097584, '前台2', '男', 27, '2021-06-10', '前台接待', '出色接待能力'),
                              (101012345, '教练6', '男', 32, '2021-07-01', '健身教练', '多年健身经验'),
                              (101018765, '保洁3', '女', 40, '2021-08-05', '保洁员', '勤快负责'),
                              (101026374, '教练7', '男', 29, '2021-09-15', '健身教练', '国家级健美冠军'),
                              (101034298, '保洁4', '女', 35, '2021-10-01', '保洁员', '细致认真'),
                              (101043298, '教练8', '女', 26, '2021-11-05', '健身教练', '专业瑜伽教练'),
                              (101051239, '教练9', '男', 33, '2021-12-10', '健身教练', '职业教练'),
                              (101069873, '保洁5', '女', 42, '2022-01-15', '保洁员', '卫生管理专业'),
                              (101077531, '教练10', '男', 28, '2022-02-20', '健身教练', '全国健身冠军'),
                              (101084267, '前台3', '女', 30, '2022-03-01', '前台接待', '亲和力强'),
                              (101098765, '前台4', '男', 26, '2022-04-05', '前台接待', '善于沟通'),
                              (101013456, '保洁6', '女', 36, '2022-05-10', '保洁员', '负责卫生'),
                              (101020987, '教练11', '男', 29, '2022-06-15', '健身教练', '专业健美运动员'),
                              (101037654, '前台5', '女', 27, '2022-07-20', '前台接待', '工作积极主动'),
                              (101045678, '教练12', '男', 31, '2022-08-01', '健身教练', '职业教练'),
                              (101054321, '前台6', '女', 24, '2022-09-05', '前台接待', '热情周到'),
                              (101062345, '保洁7', '女', 38, '2022-10-10', '保洁员', '工作认真负责'),
                              (101078934, '教练13', '男', 28, '2022-11-15', '健身教练', '健美先生'),
                              (101085432, '教练14', '女', 30, '2023-01-01', '健身教练', '全国冠军'),
                              (101092345, '教练15', '男', 32, '2023-02-05', '健身教练', '职业健美选手'),
                              (101010987, '教练16', '女', 28, '2023-03-10', '健身教练', '专业体适能教练'),
                              (101028765, '教练17', '男', 34, '2023-04-15', '健身教练', '职业瑜伽导师'),
                              (101036543, '教练18', '女', 29, '2023-05-20', '健身教练', '全国冠军'),
                              (101044321, '教练19', '男', 31, '2023-06-01', '健身教练', '职业健身教练'),
                              (101052109, '教练20', '女', 27, '2023-07-05', '健身教练', '专业健美运动员'),
                              (101060987, '教练21', '男', 33, '2023-08-10', '健身教练', '职业体能训练师'),
                              (101079876, '教练22', '女', 30, '2023-09-15', '健身教练', '全国瑜伽冠军'),
                              (101087654, '教练23', '男', 28, '2023-10-20', '健身教练', '职业健美冠军'),
                              (101095432, '教练24', '女', 32, '2023-11-01', '健身教练', '专业体适能教练'),
                              (101013210, '教练25', '男', 29, '2023-12-05', '健身教练', '职业瑜伽导师'),
                              (101021098, '教练26', '女', 34, '2024-01-10', '健身教练', '职业健身教练'),
                              (101039876, '教练27', '男', 31, '2024-01-12', '健身教练', '专业健美运动员'),
                              (101047654, '教练28', '女', 29, '2024-01-12', '健身教练', '职业体能训练师');




-- ----------------------------
-- Table structure for equipment
-- ----------------------------
DROP TABLE IF EXISTS `equipment`;
CREATE TABLE `equipment`  (
  `equipment_id` int NOT NULL AUTO_INCREMENT COMMENT '器材（区域）id',
  `equipment_name` varchar(255) CHARACTER SET utf8 COLLATE utf8_general_ci NULL DEFAULT NULL COMMENT '器材（区域）名称',
  `equipment_location` varchar(255) CHARACTER SET utf8 COLLATE utf8_general_ci NULL DEFAULT NULL COMMENT '器材（区域）位置',
  `equipment_status` varchar(255) CHARACTER SET utf8 COLLATE utf8_general_ci NULL DEFAULT NULL COMMENT '器材（区域）状态',
  `equipment_message` varchar(255) CHARACTER SET utf8 COLLATE utf8_general_ci NULL DEFAULT NULL COMMENT '器材（区域）备注信息',
  PRIMARY KEY (`equipment_id`) USING BTREE
) ENGINE = InnoDB AUTO_INCREMENT = 8 CHARACTER SET = utf8 COLLATE = utf8_general_ci ROW_FORMAT = Compact;

-- ----------------------------
-- Records of equipment
-- ----------------------------
INSERT INTO `equipment` VALUES (1, '哑铃1', '1号房间', '正常', '');
INSERT INTO `equipment` VALUES (2, '杠铃1', '2号房间', '损坏', '待维修');
INSERT INTO `equipment` VALUES (3, '跑步机1', '2号房间', '维修中', '联系厂家维修');
INSERT INTO `equipment` VALUES (4, '跑步机2', '2号房间', '正常', '');
INSERT INTO `equipment` VALUES (5, '跑步机3', '2号房间', '正常', '');
INSERT INTO `equipment` VALUES (6, '杠铃1', '1号房间', '正常', '');
INSERT INTO `equipment` VALUES (7, '杠铃2', '1号房间', '正常', '');
INSERT INTO `equipment` VALUES (8,'橡胶固定哑铃', '1号房间', '正常', ''),
                               (9,'悬挂训练带', '3号房间', '正常', ''),
                               (10,'踏板操台', '4号房间', '正常', ''),
                               (11,'舞蹈地板', '5号房间', '正常', ''),
                               (12,'室内单车', '2号房间', '正常', ''),
                               (13,'芭蕾杆', '6号房间', '正常', ''),
                               (14,'体操垫', '7号房间', '正常', ''),
                               (15,'计时器', '1号房间', '正常', ''),
                               (16,'拳击沙袋', '2号房间', '正常', ''),
                               (17,'泳池浮板', '泳池区', '正常', ''),
                               (18,'太极剑', '8号房间', '正常', ''),
                               (19,'普拉提球', '9号房间', '正常', ''),
                               (20,'拳击手套', '2号房间', '正常', ''),
                               (21,'瑜伽砖', '10号房间', '正常', ''),
                               (22,'腹肌轮', '11号房间', '正常', ''),
                               (23,'护腕', '12号房间', '正常', ''),
                               (24,'水中耳机', '泳池区', '正常', ''),
                               (25,'太极服', '8号房间', '正常', ''),
                               (26,'搏击拳套', '2号房间', '正常', ''),
                               (27,'TRX支架', '3号房间', '正常', '');
-- 插入场地信息
INSERT INTO `equipment` VALUES (28,'CrossFit区', '1号房间', '正常', ''),
                               (29,'TRX区', '3号房间', '正常', ''),
                               (30,'有氧踏板操区', '4号房间', '正常', ''),
                               (31,'Zumba舞区', '5号房间', '正常', ''),
                               (32,'Spinning区', '2号房间', '正常', ''),
                               (33,'Barre区', '6号房间', '正常', ''),
                               (34,'HIIT区', '7号房间', '正常', ''),
                               (35,'Tabata训练区', '1号房间', '正常', ''),
                               (36,'Boot Camp区', '2号房间', '正常', ''),
                               (37,'MMA基础训练区', '8号房间', '正常', ''),
                               (38,'水中健身区', '泳池区', '正常', ''),
                               (39,'太极区', '8号房间', '正常', ''),
                               (40,'Piloxing区', '9号房间', '正常', ''),
                               (41,'拳击操区', '2号房间', '正常', ''),
                               (42,'核心训练区', '10号房间', '正常', '');





SET FOREIGN_KEY_CHECKS = 1;
